[
	{
		"id": 63811,
		"agentId": 22353,
		"title": "Small Metal Ball",
		"slug": "earum-provident-adipisci",
		"content": "Dolores tempora distinctio. Excepturi reprehenderit blanditiis quibusdam reprehenderit non quo atque sunt. Sint sed sit ut et doloremque amet reprehenderit.",
		"status": "draft",
		"price": "316.00",
		"isNegotiable": true,
		"propertyType": "Hotel",
		"condition": "Good",
		"rating": 2.5,
		"ratingCount": 12,
		"contactNumber": "(352) 594-5474 x93019",
		"amenities": [
			{
				"id": 17643,
				"guestRoom": 7
			},
			{
				"id": 23712,
				"bedRoom": 1
			},
			{
				"id": 47458,
				"wifiAvailability": false
			},
			{
				"id": 82666,
				"parkingAvailability": true
			},
			{
				"id": 46037,
				"poolAvailability": true
			},
			{
				"id": 20784,
				"airCondition": false
			},
			{
				"id": 63472,
				"extraBedFacility": true
			}
		],
		"image": {
			"id": 52861,
			"url": "http://s3.amazonaws.com/redqteam.com/tripfinder-images/hotel-11.jpg"
		},
		"location": {
			"id": 23076,
			"lat": 40.8214,
			"lng": -75.2052,
			"formattedAddress": "8424 Padberg Flats",
			"zipcode": "63836-1545",
			"city": "Uptonmouth",
			"state_long": "Virginia",
			"state_short": "NJ",
			"country_long": "Qatar",
			"country_short": "GT"
		},
		"gallery": [
			{
				"id": 98348,
				"url": "http://s3.amazonaws.com/redqteam.com/tripfinder-images/hotel-12_thumb.jpg"
			},
			{
				"id": 10832,
				"url": "http://s3.amazonaws.com/redqteam.com/tripfinder-images/hotel-13_thumb.jpg"
			},
			{
				"id": 70635,
				"url": "http://s3.amazonaws.com/redqteam.com/tripfinder-images/hotel-14_thumb.jpg"
			}
		]
	},
	{
		"id": 35137,
		"agentId": 63123,
		"title": "Small Soft Ball",
		"slug": "numquam-distinctio-eius",
		"content": "Id ea quasi magnam aspernatur omnis. Inventore possimus aut autem iure ut eum. Quia fuga hic similique voluptas officiis esse. Veritatis voluptatibus qui ut. Voluptatem enim sit assumenda rerum. Ad ut enim necessitatibus totam quia cumque asperiores laborum.",
		"status": "publish",
		"price": "245.00",
		"isNegotiable": false,
		"propertyType": "Hotel",
		"condition": "Good",
		"rating": 3.5,
		"ratingCount": 11,
		"contactNumber": "1-619-861-6069 x3877",
		"amenities": [
			{
				"id": 42547,
				"guestRoom": 7
			},
			{
				"id": 59276,
				"bedRoom": 4
			},
			{
				"id": 26908,
				"wifiAvailability": true
			},
			{
				"id": 48314,
				"parkingAvailability": false
			},
			{
				"id": 15833,
				"poolAvailability": false
			},
			{
				"id": 12431,
				"airCondition": false
			},
			{
				"id": 59575,
				"extraBedFacility": true
			}
		],
		"image": {
			"id": 91141,
			"url": "http://s3.amazonaws.com/redqteam.com/tripfinder-images/hotel-17.jpg"
		},
		"location": {
			"id": 10393,
			"lat": 40.8453,
			"lng": -76.0512,
			"formattedAddress": "43299 Murazik Extension",
			"zipcode": "87445",
			"city": "Loraineberg",
			"state_long": "Nebraska",
			"state_short": "NJ",
			"country_long": "Central African Republic",
			"country_short": "NG"
		},
		"gallery": [
			{
				"id": 99115,
				"url": "http://s3.amazonaws.com/redqteam.com/tripfinder-images/hotel-18_thumb.jpg"
			},
			{
				"id": 27188,
				"url": "http://s3.amazonaws.com/redqteam.com/tripfinder-images/hotel-19_thumb.jpg"
			},
			{
				"id": 33855,
				"url": "http://s3.amazonaws.com/redqteam.com/tripfinder-images/hotel-20_thumb.jpg"
			}
		]
	},
	{
		"id": 91552,
		"agentId": 9488,
		"title": "Incredible Wooden Ball",
		"slug": "nobis-et-et",
		"content": "Labore voluptatem laborum quod est. Nihil voluptates et praesentium quis. Culpa est ut voluptatem molestiae sint non veritatis suscipit ab. Quia accusamus laudantium aut eaque minus architecto voluptatem vero maxime. Libero minima aperiam provident rerum autem voluptatem veniam est quos.",
		"status": "draft",
		"price": "662.00",
		"isNegotiable": false,
		"propertyType": "Villa",
		"condition": "Average",
		"rating": 3.9,
		"ratingCount": 8,
		"contactNumber": "(484) 092-0621 x11827",
		"amenities": [
			{
				"id": 43134,
				"guestRoom": 3
			},
			{
				"id": 44490,
				"bedRoom": 6
			},
			{
				"id": 43432,
				"wifiAvailability": false
			},
			{
				"id": 60072,
				"parkingAvailability": false
			},
			{
				"id": 80885,
				"poolAvailability": true
			},
			{
				"id": 39788,
				"airCondition": false
			},
			{
				"id": 28924,
				"extraBedFacility": true
			}
		],
		"image": {
			"id": 14297,
			"url": "http://s3.amazonaws.com/redqteam.com/tripfinder-images/hotel-3.jpg"
		},
		"location": {
			"id": 93702,
			"lat": 40.4451,
			"lng": -79.9184,
			"formattedAddress": "73311 Freida Point",
			"zipcode": "27499-3830",
			"city": "Vincetown",
			"state_long": "Maine",
			"state_short": "PA",
			"country_long": "Belarus",
			"country_short": "BQ"
		},
		"gallery": [
			{
				"id": 35180,
				"url": "http://s3.amazonaws.com/redqteam.com/tripfinder-images/hotel-4_thumb.jpg"
			},
			{
				"id": 27573,
				"url": "http://s3.amazonaws.com/redqteam.com/tripfinder-images/hotel-5_thumb.jpg"
			},
			{
				"id": 68402,
				"url": "http://s3.amazonaws.com/redqteam.com/tripfinder-images/hotel-6_thumb.jpg"
			}
		]
	},
	{
		"id": 26601,
		"agentId": 61604,
		"title": "Handcrafted Wooden Towels",
		"slug": "eum-voluptas-tempore",
		"content": "Natus provident voluptatum quibusdam minima non officiis beatae. Nobis est architecto sequi laboriosam id maiores harum et. Quo dolores consequuntur nostrum ullam sapiente asperiores itaque dolores. Et nobis voluptatem dolores corrupti accusantium. Magni voluptas quis inventore.",
		"status": "draft",
		"price": "170.00",
		"isNegotiable": false,
		"propertyType": "Villa",
		"condition": "Average",
		"rating": 4.5,
		"ratingCount": 5,
		"contactNumber": "150.663.2821",
		"amenities": [
			{
				"id": 70472,
				"guestRoom": 6
			},
			{
				"id": 88236,
				"bedRoom": 6
			},
			{
				"id": 29649,
				"wifiAvailability": true
			},
			{
				"id": 70319,
				"parkingAvailability": true
			},
			{
				"id": 78746,
				"poolAvailability": false
			},
			{
				"id": 78269,
				"airCondition": true
			},
			{
				"id": 95269,
				"extraBedFacility": true
			}
		],
		"image": {
			"id": 22340,
			"url": "http://s3.amazonaws.com/redqteam.com/tripfinder-images/hotel-9.jpg"
		},
		"location": {
			"id": 81726,
			"lat": 44.0543,
			"lng": -71.393,
			"formattedAddress": "303 Volkman Lakes",
			"zipcode": "85094-6329",
			"city": "Lake Taylorstad",
			"state_long": "West Virginia",
			"state_short": "IA",
			"country_long": "Botswana",
			"country_short": "DO"
		},
		"gallery": [
			{
				"id": 70509,
				"url": "http://s3.amazonaws.com/redqteam.com/tripfinder-images/hotel-10_thumb.jpg"
			},
			{
				"id": 32412,
				"url": "http://s3.amazonaws.com/redqteam.com/tripfinder-images/hotel-11_thumb.jpg"
			},
			{
				"id": 12967,
				"url": "http://s3.amazonaws.com/redqteam.com/tripfinder-images/hotel-12_thumb.jpg"
			}
		]
	},
	{
		"id": 13498,
		"agentId": 52252,
		"title": "Generic Metal Shoes",
		"slug": "eligendi-ex-ut",
		"content": "Adipisci illum fugiat. Tempore est fugiat. Facere veritatis assumenda rem dolor.",
		"status": "publish",
		"price": "195.00",
		"isNegotiable": true,
		"propertyType": "Hotel",
		"condition": "Excellent",
		"rating": 5,
		"ratingCount": 8,
		"contactNumber": "492.701.7429 x567",
		"amenities": [
			{
				"id": 76686,
				"guestRoom": 6
			},
			{
				"id": 18771,
				"bedRoom": 8
			},
			{
				"id": 54155,
				"wifiAvailability": true
			},
			{
				"id": 22192,
				"parkingAvailability": true
			},
			{
				"id": 5566,
				"poolAvailability": false
			},
			{
				"id": 48604,
				"airCondition": false
			},
			{
				"id": 15424,
				"extraBedFacility": true
			}
		],
		"image": {
			"id": 60214,
			"url": "http://s3.amazonaws.com/redqteam.com/tripfinder-images/hotel-15.jpg"
		},
		"location": {
			"id": 82805,
			"lat": 43.0992,
			"lng": -78.9296,
			"formattedAddress": "368 Fadel Isle",
			"zipcode": "58291-9076",
			"city": "Kilbackland",
			"state_long": "Wisconsin",
			"state_short": "WV",
			"country_long": "Denmark",
			"country_short": "GH"
		},
		"gallery": [
			{
				"id": 7788,
				"url": "http://s3.amazonaws.com/redqteam.com/tripfinder-images/hotel-16_thumb.jpg"
			},
			{
				"id": 21707,
				"url": "http://s3.amazonaws.com/redqteam.com/tripfinder-images/hotel-17_thumb.jpg"
			},
			{
				"id": 7459,
				"url": "http://s3.amazonaws.com/redqteam.com/tripfinder-images/hotel-18_thumb.jpg"
			}
		]
	},
	{
		"id": 14892,
		"agentId": 75549,
		"title": "Small Metal Shirt",
		"slug": "ipsum-libero-in",
		"content": "Nisi expedita iste aliquid natus nulla eos. Eos officiis nihil. Error facilis sit sed reiciendis voluptatibus dolorem amet. Nobis quia ea. Ipsam enim blanditiis qui.",
		"status": "draft",
		"price": "410.00",
		"isNegotiable": true,
		"propertyType": "Hotel",
		"condition": "Poor",
		"rating": 2.5,
		"ratingCount": 11,
		"contactNumber": "1-062-144-6412 x477",
		"amenities": [
			{
				"id": 60999,
				"guestRoom": 1
			},
			{
				"id": 11328,
				"bedRoom": 6
			},
			{
				"id": 41566,
				"wifiAvailability": true
			},
			{
				"id": 27551,
				"parkingAvailability": true
			},
			{
				"id": 65154,
				"poolAvailability": false
			},
			{
				"id": 42131,
				"airCondition": false
			},
			{
				"id": 88250,
				"extraBedFacility": false
			}
		],
		"image": {
			"id": 26144,
			"url": "http://s3.amazonaws.com/redqteam.com/tripfinder-images/hotel-1.jpg"
		},
		"location": {
			"id": 84050,
			"lat": 41.1272,
			"lng": -74.4692,
			"formattedAddress": "21752 Kraig Pike",
			"zipcode": "52086-8165",
			"city": "Lake Millie",
			"state_long": "New Hampshire",
			"state_short": "MT",
			"country_long": "Liechtenstein",
			"country_short": "CW"
		},
		"gallery": [
			{
				"id": 44332,
				"url": "http://s3.amazonaws.com/redqteam.com/tripfinder-images/hotel-2_thumb.jpg"
			},
			{
				"id": 34700,
				"url": "http://s3.amazonaws.com/redqteam.com/tripfinder-images/hotel-3_thumb.jpg"
			},
			{
				"id": 99806,
				"url": "http://s3.amazonaws.com/redqteam.com/tripfinder-images/hotel-4_thumb.jpg"
			}
		]
	},
	{
		"id": 84557,
		"agentId": 1634,
		"title": "Unbranded Concrete Towels",
		"slug": "mollitia-laudantium-magnam",
		"content": "Optio sequi corrupti ullam molestias. Sequi ipsam autem et aut voluptas velit cupiditate deleniti maiores. Quo exercitationem enim harum tenetur impedit omnis velit est. Quo magnam molestias enim sit sint omnis est. Vel harum qui mollitia optio nihil cumque molestias voluptas. Nihil dolorum similique ratione nihil velit.",
		"status": "publish",
		"price": "377.00",
		"isNegotiable": true,
		"propertyType": "Villa",
		"condition": "Excellent",
		"rating": 3.9,
		"ratingCount": 5,
		"contactNumber": "(324) 731-4990 x405",
		"amenities": [
			{
				"id": 17360,
				"guestRoom": 1
			},
			{
				"id": 19945,
				"bedRoom": 2
			},
			{
				"id": 4297,
				"wifiAvailability": true
			},
			{
				"id": 77928,
				"parkingAvailability": false
			},
			{
				"id": 78700,
				"poolAvailability": true
			},
			{
				"id": 1477,
				"airCondition": false
			},
			{
				"id": 84627,
				"extraBedFacility": true
			}
		],
		"image": {
			"id": 49595,
			"url": "http://s3.amazonaws.com/redqteam.com/tripfinder-images/hotel-7.jpg"
		},
		"location": {
			"id": 74790,
			"lat": 41.0941,
			"lng": -73.81,
			"formattedAddress": "398 Sydnee Unions",
			"zipcode": "93251",
			"city": "Hahnhaven",
			"state_long": "Arizona",
			"state_short": "MN",
			"country_long": "Russian Federation",
			"country_short": "DK"
		},
		"gallery": [
			{
				"id": 58613,
				"url": "http://s3.amazonaws.com/redqteam.com/tripfinder-images/hotel-8_thumb.jpg"
			},
			{
				"id": 44236,
				"url": "http://s3.amazonaws.com/redqteam.com/tripfinder-images/hotel-9_thumb.jpg"
			},
			{
				"id": 21946,
				"url": "http://s3.amazonaws.com/redqteam.com/tripfinder-images/hotel-10_thumb.jpg"
			}
		]
	},
	{
		"id": 3897,
		"agentId": 11936,
		"title": "Incredible Cotton Hat",
		"slug": "sunt-perspiciatis-autem",
		"content": "Veritatis ea sed nulla voluptas qui itaque adipisci. Iusto laboriosam voluptatem molestiae quis. Dolorem reiciendis est.",
		"status": "publish",
		"price": "30.00",
		"isNegotiable": true,
		"propertyType": "Hotel",
		"condition": "Average",
		"rating": 1.5,
		"ratingCount": 8,
		"contactNumber": "1-086-577-2962 x19809",
		"amenities": [
			{
				"id": 48116,
				"guestRoom": 4
			},
			{
				"id": 24715,
				"bedRoom": 2
			},
			{
				"id": 69933,
				"wifiAvailability": false
			},
			{
				"id": 9822,
				"parkingAvailability": false
			},
			{
				"id": 70076,
				"poolAvailability": false
			},
			{
				"id": 261,
				"airCondition": false
			},
			{
				"id": 6100,
				"extraBedFacility": false
			}
		],
		"image": {
			"id": 1719,
			"url": "http://s3.amazonaws.com/redqteam.com/tripfinder-images/hotel-13.jpg"
		},
		"location": {
			"id": 34339,
			"lat": 40.8785,
			"lng": -72.7553,
			"formattedAddress": "95573 Jess Drive",
			"zipcode": "47683-5802",
			"city": "Halvorsonview",
			"state_long": "Georgia",
			"state_short": "ME",
			"country_long": "Togo",
			"country_short": "CC"
		},
		"gallery": [
			{
				"id": 14495,
				"url": "http://s3.amazonaws.com/redqteam.com/tripfinder-images/hotel-14_thumb.jpg"
			},
			{
				"id": 83768,
				"url": "http://s3.amazonaws.com/redqteam.com/tripfinder-images/hotel-15_thumb.jpg"
			},
			{
				"id": 57361,
				"url": "http://s3.amazonaws.com/redqteam.com/tripfinder-images/hotel-16_thumb.jpg"
			}
		]
	},
	{
		"id": 7388,
		"agentId": 4595,
		"title": "Licensed Wooden Bike",
		"slug": "cupiditate-aut-ullam",
		"content": "Quae deleniti reiciendis illo. Voluptatum debitis sed vel cupiditate qui quibusdam id sapiente. Architecto ad magnam sunt delectus in necessitatibus alias quidem.",
		"status": "draft",
		"price": "390.00",
		"isNegotiable": false,
		"propertyType": "Villa",
		"condition": "Terrible",
		"rating": 3.9,
		"ratingCount": 3,
		"contactNumber": "204.697.6994",
		"amenities": [
			{
				"id": 88544,
				"guestRoom": 8
			},
			{
				"id": 56516,
				"bedRoom": 2
			},
			{
				"id": 23819,
				"wifiAvailability": false
			},
			{
				"id": 67601,
				"parkingAvailability": false
			},
			{
				"id": 65113,
				"poolAvailability": true
			},
			{
				"id": 53269,
				"airCondition": false
			},
			{
				"id": 37509,
				"extraBedFacility": false
			}
		],
		"image": {
			"id": 66682,
			"url": "http://s3.amazonaws.com/redqteam.com/tripfinder-images/hotel-19.jpg"
		},
		"location": {
			"id": 28501,
			"lat": 39.9248,
			"lng": -75.0844,
			"formattedAddress": "257 O'Hara Glen",
			"zipcode": "51471",
			"city": "Gerardomouth",
			"state_long": "Wyoming",
			"state_short": "NJ",
			"country_long": "Guadeloupe",
			"country_short": "PK"
		},
		"gallery": [
			{
				"id": 83511,
				"url": "http://s3.amazonaws.com/redqteam.com/tripfinder-images/hotel-20_thumb.jpg"
			},
			{
				"id": 96769,
				"url": "http://s3.amazonaws.com/redqteam.com/tripfinder-images/hotel-1_thumb.jpg"
			},
			{
				"id": 71739,
				"url": "http://s3.amazonaws.com/redqteam.com/tripfinder-images/hotel-2_thumb.jpg"
			}
		]
	},
	{
		"id": 12433,
		"agentId": 39329,
		"title": "Incredible Plastic Tuna",
		"slug": "laboriosam-animi-fuga",
		"content": "Dolor eligendi veritatis aspernatur. Voluptas nihil voluptas. Cupiditate neque alias. Tempore ipsum aut autem in qui iure soluta. Molestiae et placeat similique voluptates quia quia. Sed perspiciatis praesentium tempore consectetur qui.",
		"status": "draft",
		"price": "312.00",
		"isNegotiable": false,
		"propertyType": "Villa",
		"condition": "Terrible",
		"rating": 3,
		"ratingCount": 1,
		"contactNumber": "1-860-981-4355",
		"amenities": [
			{
				"id": 2337,
				"guestRoom": 6
			},
			{
				"id": 94096,
				"bedRoom": 7
			},
			{
				"id": 39287,
				"wifiAvailability": true
			},
			{
				"id": 57957,
				"parkingAvailability": false
			},
			{
				"id": 98548,
				"poolAvailability": true
			},
			{
				"id": 12989,
				"airCondition": false
			},
			{
				"id": 66177,
				"extraBedFacility": true
			}
		],
		"image": {
			"id": 27169,
			"url": "http://s3.amazonaws.com/redqteam.com/tripfinder-images/hotel-5.jpg"
		},
		"location": {
			"id": 52689,
			"lat": 38.9234,
			"lng": -77.04,
			"formattedAddress": "3805 Hane Prairie",
			"zipcode": "04605",
			"city": "Hillsfurt",
			"state_long": "Maine",
			"state_short": "AZ",
			"country_long": "Uruguay",
			"country_short": "ZW"
		},
		"gallery": [
			{
				"id": 21583,
				"url": "http://s3.amazonaws.com/redqteam.com/tripfinder-images/hotel-6_thumb.jpg"
			},
			{
				"id": 6406,
				"url": "http://s3.amazonaws.com/redqteam.com/tripfinder-images/hotel-7_thumb.jpg"
			},
			{
				"id": 68447,
				"url": "http://s3.amazonaws.com/redqteam.com/tripfinder-images/hotel-8_thumb.jpg"
			}
		]
	},
	{
		"id": 22861,
		"agentId": 52548,
		"title": "Generic Soft Chicken",
		"slug": "est-et-aperiam",
		"content": "Fugit nostrum ea dolorum odit eius voluptas sed facere et. Deleniti temporibus neque quod deleniti veritatis neque id. Quae ipsum quidem iste consequatur sunt veniam reiciendis. Reprehenderit cum est veniam velit et. Quasi sint ipsum adipisci nesciunt et exercitationem nihil.",
		"status": "publish",
		"price": "438.00",
		"isNegotiable": true,
		"propertyType": "Hotel",
		"condition": "Poor",
		"rating": 1.5,
		"ratingCount": 1,
		"contactNumber": "545.175.4776",
		"amenities": [
			{
				"id": 59784,
				"guestRoom": 4
			},
			{
				"id": 38653,
				"bedRoom": 3
			},
			{
				"id": 58546,
				"wifiAvailability": true
			},
			{
				"id": 88866,
				"parkingAvailability": false
			},
			{
				"id": 18664,
				"poolAvailability": false
			},
			{
				"id": 44998,
				"airCondition": true
			},
			{
				"id": 53306,
				"extraBedFacility": true
			}
		],
		"image": {
			"id": 83800,
			"url": "http://s3.amazonaws.com/redqteam.com/tripfinder-images/hotel-11.jpg"
		},
		"location": {
			"id": 90805,
			"lat": 38.8208,
			"lng": -75.6997,
			"formattedAddress": "24237 Eric Court",
			"zipcode": "99131",
			"city": "Ratkehaven",
			"state_long": "Colorado",
			"state_short": "CO",
			"country_long": "Greenland",
			"country_short": "NO"
		},
		"gallery": [
			{
				"id": 42616,
				"url": "http://s3.amazonaws.com/redqteam.com/tripfinder-images/hotel-12_thumb.jpg"
			},
			{
				"id": 28382,
				"url": "http://s3.amazonaws.com/redqteam.com/tripfinder-images/hotel-13_thumb.jpg"
			},
			{
				"id": 55505,
				"url": "http://s3.amazonaws.com/redqteam.com/tripfinder-images/hotel-14_thumb.jpg"
			}
		]
	},
	{
		"id": 92902,
		"agentId": 8425,
		"title": "Handcrafted Granite Pants",
		"slug": "earum-ratione-totam",
		"content": "Nihil ut deserunt omnis reiciendis sequi totam voluptates aperiam doloribus. Repellendus harum ut qui ducimus qui qui quasi et. Odit reiciendis dolorem repellendus qui modi tenetur velit. Qui ut dicta debitis adipisci ullam veniam unde magni sint. At qui magni doloremque enim.",
		"status": "draft",
		"price": "366.00",
		"isNegotiable": true,
		"propertyType": "Villa",
		"condition": "Average",
		"rating": 3,
		"ratingCount": 15,
		"contactNumber": "(991) 901-7574 x363",
		"amenities": [
			{
				"id": 28424,
				"guestRoom": 7
			},
			{
				"id": 81380,
				"bedRoom": 8
			},
			{
				"id": 40428,
				"wifiAvailability": true
			},
			{
				"id": 55025,
				"parkingAvailability": false
			},
			{
				"id": 47543,
				"poolAvailability": false
			},
			{
				"id": 61874,
				"airCondition": true
			},
			{
				"id": 99023,
				"extraBedFacility": false
			}
		],
		"image": {
			"id": 81248,
			"url": "http://s3.amazonaws.com/redqteam.com/tripfinder-images/hotel-18.jpg"
		},
		"location": {
			"id": 56947,
			"lat": 40.7788,
			"lng": -76.9741,
			"formattedAddress": "1190 Pagac Port",
			"zipcode": "21660",
			"city": "Lake Nayeli",
			"state_long": "South Dakota",
			"state_short": "PA",
			"country_long": "Maldives",
			"country_short": "AO"
		},
		"gallery": [
			{
				"id": 43904,
				"url": "http://s3.amazonaws.com/redqteam.com/tripfinder-images/hotel-17_thumb.jpg"
			},
			{
				"id": 37243,
				"url": "http://s3.amazonaws.com/redqteam.com/tripfinder-images/hotel-20_thumb.jpg"
			},
			{
				"id": 76234,
				"url": "http://s3.amazonaws.com/redqteam.com/tripfinder-images/hotel-19_thumb.jpg"
			}
		]
	}
]
